-- MySQL dump 10.13  Distrib 8.0.44, for Linux (aarch64)
--
-- Host: localhost    Database: votingsystem
-- ------------------------------------------------------
-- Server version	8.0.44

/*!40101 SET @OLD_CHARACTER_SET_CLIENT=@@CHARACTER_SET_CLIENT */;
/*!40101 SET @OLD_CHARACTER_SET_RESULTS=@@CHARACTER_SET_RESULTS */;
/*!40101 SET @OLD_COLLATION_CONNECTION=@@COLLATION_CONNECTION */;
/*!50503 SET NAMES utf8mb4 */;
/*!40103 SET @OLD_TIME_ZONE=@@TIME_ZONE */;
/*!40103 SET TIME_ZONE='+00:00' */;
/*!40014 SET @OLD_UNIQUE_CHECKS=@@UNIQUE_CHECKS, UNIQUE_CHECKS=0 */;
/*!40014 SET @OLD_FOREIGN_KEY_CHECKS=@@FOREIGN_KEY_CHECKS, FOREIGN_KEY_CHECKS=0 */;
/*!40101 SET @OLD_SQL_MODE=@@SQL_MODE, SQL_MODE='NO_AUTO_VALUE_ON_ZERO' */;
/*!40111 SET @OLD_SQL_NOTES=@@SQL_NOTES, SQL_NOTES=0 */;

--
-- Table structure for table `candidates`
--

DROP TABLE IF EXISTS `candidates`;
/*!40101 SET @saved_cs_client     = @@character_set_client */;
/*!50503 SET character_set_client = utf8mb4 */;
CREATE TABLE `candidates` (
  `election_id` varchar(64) NOT NULL,
  `user_id` varchar(64) NOT NULL,
  `chair_name` varchar(255) NOT NULL,
  PRIMARY KEY (`election_id`,`user_id`),
  KEY `user_id` (`user_id`),
  CONSTRAINT `candidates_ibfk_1` FOREIGN KEY (`election_id`) REFERENCES `elections` (`election_id`) ON DELETE CASCADE,
  CONSTRAINT `candidates_ibfk_2` FOREIGN KEY (`user_id`) REFERENCES `users` (`id`) ON DELETE CASCADE
) ENGINE=InnoDB DEFAULT CHARSET=utf8mb4 COLLATE=utf8mb4_0900_ai_ci;
/*!40101 SET character_set_client = @saved_cs_client */;

--
-- Dumping data for table `candidates`
--

LOCK TABLES `candidates` WRITE;
/*!40000 ALTER TABLE `candidates` DISABLE KEYS */;
/*!40000 ALTER TABLE `candidates` ENABLE KEYS */;
UNLOCK TABLES;

--
-- Table structure for table `elections`
--

DROP TABLE IF EXISTS `elections`;
/*!40101 SET @saved_cs_client     = @@character_set_client */;
/*!50503 SET character_set_client = utf8mb4 */;
CREATE TABLE `elections` (
  `election_id` varchar(64) NOT NULL,
  `name` varchar(255) NOT NULL,
  `registration_starts_at` datetime(6) NOT NULL,
  `starts_at` datetime(6) NOT NULL,
  `ends_at` datetime(6) NOT NULL,
  PRIMARY KEY (`election_id`)
) ENGINE=InnoDB DEFAULT CHARSET=utf8mb4 COLLATE=utf8mb4_0900_ai_ci;
/*!40101 SET character_set_client = @saved_cs_client */;

--
-- Dumping data for table `elections`
--

LOCK TABLES `elections` WRITE;
/*!40000 ALTER TABLE `elections` DISABLE KEYS */;
/*!40000 ALTER TABLE `elections` ENABLE KEYS */;
UNLOCK TABLES;

--
-- Table structure for table `sessions`
--

DROP TABLE IF EXISTS `sessions`;
/*!40101 SET @saved_cs_client     = @@character_set_client */;
/*!50503 SET character_set_client = utf8mb4 */;
CREATE TABLE `sessions` (
  `id` varchar(128) NOT NULL,
  `user_id` varchar(64) NOT NULL,
  `created_at` timestamp(6) NOT NULL,
  `expires_at` timestamp(6) NULL DEFAULT NULL,
  PRIMARY KEY (`id`),
  KEY `user_id` (`user_id`),
  CONSTRAINT `sessions_ibfk_1` FOREIGN KEY (`user_id`) REFERENCES `users` (`id`) ON DELETE CASCADE
) ENGINE=InnoDB DEFAULT CHARSET=utf8mb4 COLLATE=utf8mb4_0900_ai_ci;
/*!40101 SET character_set_client = @saved_cs_client */;

--
-- Dumping data for table `sessions`
--

LOCK TABLES `sessions` WRITE;
/*!40000 ALTER TABLE `sessions` DISABLE KEYS */;
INSERT INTO `sessions` VALUES ('0Y1Pgcfd3VdlhthNNJEnW0RlivBYyW3Jx1CxpfnUalw','202311566','2025-11-18 18:08:23.874167','2025-11-25 18:08:23.874167'),('2dBhPMsEpKFJR7CIanu1_OYqik9wmLC_I8ecMhufwj4','202311566','2025-11-18 15:57:18.500449','2025-11-25 15:57:18.500449'),('2IqrpOUsb0pm2YvyXv1qbvbbBqUURgspWpBY521pFvE','202311566','2025-11-18 15:43:19.483896','2025-11-25 15:43:19.483896'),('2T2oHWuZBo4yYrYeOpw4YwUAYzWHs1VhkzSZU3rGjb4','202311566','2025-11-17 10:01:23.075426','2025-11-24 10:01:23.075426'),('36lpTR8-nOqE3Vi2tg6Wrsoq6Nxt46tb0Aukk_lwj6M','202311566','2025-11-20 15:46:28.725270','2025-11-27 15:46:28.725270'),('3ZlPsbEagFmRLhupRrx1i7-PE-k9Ote1M0rfOe2lZi0','202311566','2025-11-18 16:24:38.905762','2025-11-25 16:24:38.905762'),('5uu6WCx4GJdbKCk8ZE6rYxGo9ngdOys8pcNInaRJB08','202311566','2025-11-19 08:26:10.988083','2025-11-26 08:26:10.988083'),('70PB74k4SBfarxJKqcvaEWvpFxV6SslVewvLU-OcQxE','202311566','2025-11-18 18:01:11.941526','2025-11-25 18:01:11.941526'),('7o8RfHtYchRWUYRTnArS0KiJ_PG4FaCcs7oi70610sY','202311566','2025-11-18 18:51:20.330864','2025-11-25 18:51:20.330864'),('7qvT7daZGqwLZuRBSVB5EsUojgye5cOTMplwIhTDh7o','202311566','2025-11-17 00:16:42.851886','2025-11-24 00:16:42.851886'),('8bQ9nUkQZBeHWxt7v9v7LmZA9l97GIcpGV0fR_bzqwc','202311566','2025-11-18 18:11:14.014612','2025-11-25 18:11:14.014612'),('8EuJ8wxwvxfjUAWvbrI1vTU1sC14BI502jFsUfCc-sM','202311566','2025-11-20 15:14:26.185076','2025-11-27 15:14:26.185076'),('8f1KMpyxBlzTDFa1K8Azb3n-YQKZs6ZddUkG_k7hS9A','202311566','2025-11-18 16:44:41.566199','2025-11-25 16:44:41.566199'),('8Y6CWQHu6cbtCjcE1sPIWEBwp2lRRIwIzTjpUG8ij5M','202311566','2025-11-18 15:34:48.721426','2025-11-25 15:34:48.721426'),('9Ez2PS6lmR8QrsZTzv3f5zbzrPDuWBcxl5vFYALRobM','202311566','2025-11-19 22:00:52.926740','2025-11-26 22:00:52.926740'),('ay7_vqrfqqBJo8rwULssZUOpZ7UJqp_J-xkg_4VilUc','202311566','2025-11-18 11:13:49.092828','2025-11-25 11:13:49.092828'),('b-t4CrHwDn34LtJV59e6yqpg4nmtwrc-PadlZkLUVX4','202311566','2025-11-18 18:02:42.211652','2025-11-25 18:02:42.211652'),('B7Vnan3clyV4ld_laW4c5P-Mg_oAUROFhpv7RkBeAlM','202311566','2025-11-18 15:29:21.024952','2025-11-25 15:29:21.024952'),('bKrWbUIT9RB1FRlUtzyulj6NF_C8IgOPxuofab0Mx0k','202311566','2025-11-18 18:05:05.305925','2025-11-25 18:05:05.305925'),('BnV1a8LvG_j78ZT4M3lDmLtxCrj8xuJW4gnA7eK5lAE','202311566','2025-11-18 17:31:35.240845','2025-11-25 17:31:35.240845'),('cu76gF2PngQC1-qXUx1SNvyIDta9A7hB93Zt7fTnejc','202311566','2025-11-18 19:32:41.519695','2025-11-25 19:32:41.519695'),('CX5IrEpylZaqQ8eiWaYslbhkpLGtVwVJZnNt11qQH-4','202311566','2025-11-17 10:01:21.808871','2025-11-24 10:01:21.808871'),('CZ7R5ODosRbokKLd6BctQ8HuY1ILjUW9QAptI3RRIjs','202311566','2025-11-17 00:40:16.057758','2025-11-24 00:40:16.057758'),('dHD5hqBe1sEnvW3MyNOcbvtfv7-y6D5WQu1jY11Eh3U','202311566','2025-11-18 18:09:43.991633','2025-11-25 18:09:43.991633'),('Djxuli5VwclkF9sIXfrMOm6Lt9wY4iIBMKn2uTXK69U','202311566','2025-11-23 16:21:09.019620','2025-11-30 16:21:09.019620'),('dU9058ioMXQPNCs-GaswrBm0LZpUkRFPvu1TzoCSZOM','202311242','2025-11-19 08:32:00.703672','2025-11-26 08:32:00.703672'),('DzX1y7s7lg1ihB7is1ADOPh0ISPxTmuAFtHtJRZ_w_c','202311566','2025-11-18 18:23:40.031849','2025-11-25 18:23:40.031849'),('ElxI8kXC3PbkQu3GrQrin9vPBTER9b9Yhb65e1J1FeA','202311566','2025-11-19 20:45:10.140337','2025-11-26 20:45:10.140337'),('eSKcrJafFbE98q0tstuydSQL1w3Lz4gr03q3J8NoLJI','202311566','2025-11-18 17:33:49.587608','2025-11-25 17:33:49.587608'),('F3XbUSIK2VzbV_tSf4Sx_jVAMBW0pudUTSSCcVeSMY0','202311566','2025-11-19 22:19:03.802254','2025-11-26 22:19:03.802254'),('fQE1yem3f7AhvjYJkTHFnXDo4iJ7qGBOfxIXCoDryo4','202311566','2025-11-18 18:07:02.615914','2025-11-25 18:07:02.615914'),('GoyQhrcSoYhltXKiVE4yk-8FW3us4yODAyGm0tDDTpI','202311566','2025-11-19 20:43:18.822333','2025-11-26 20:43:18.822333'),('HW8Bh2cm3EIF9v82SwFiNVKC0S-_dUUPiALJK4dR7x4','202311566','2025-11-18 17:17:44.438847','2025-11-25 17:17:44.438847'),('IBlzSOPZMSl1rVzRnxK7SDzqn63rC5o7PJ2EBzpFBNg','202311566','2025-11-19 08:26:09.302860','2025-11-26 08:26:09.302860'),('iKP2psLFDYa38Hrno70x6RPH7hMLRyebZmXpKTH5I-g','202311566','2025-11-19 21:54:39.779210','2025-11-26 21:54:39.779210'),('LAFcY8UG0_6CP0GItVnnNaqYD1L2w9E6YNTcjqqdDRM','202311566','2025-11-20 16:18:06.831836','2025-11-27 16:18:06.831836'),('lcf-kpYzV4Gk4jSpVW-3fixsqRQbsUXk30KYSf_tKvo','202311566','2025-11-18 18:14:51.203627','2025-11-25 18:14:51.203627'),('LKCnIjsQjFfYgdTwX3VPstNi7Bg4gaA3oxkvzy8Kyh0','202311566','2025-11-18 15:33:17.345125','2025-11-25 15:33:17.345125'),('LkWGvJ6Nf0-AusZR3v0meUYwRJG3Q7djlK_3wAh7ZMA','202311566','2025-11-18 15:28:20.008801','2025-11-25 15:28:20.008801'),('lMSuLPzvyPYU56b7b0JOGQ8Ipo1gCpfjbedSKgSzl94','202311566','2025-11-18 17:34:38.005853','2025-11-25 17:34:38.005853'),('LZjJVvqLED2eFy-uJMp10pSi7Tq8UP56uRdh1e_NsJI','202311566','2025-11-20 16:29:11.106031','2025-11-27 16:29:11.106031'),('mF_wXcyihNMuqYUbCBe6qNX9fMNhpqpcCK3ESmB4qHQ','202311566','2025-11-19 08:26:10.986554','2025-11-26 08:26:10.986554'),('n3qf84F7WJNoDnrsnsDyopuAlJ_UMAC5-lLTgnqm0As','202311566','2025-11-18 17:42:37.592600','2025-11-25 17:42:37.592600'),('o3Q0I1yJt8gmeJ5wu-so9oyB9FP5Q2N_pfDZoSKQ-nY','202311566','2025-11-18 17:31:33.984542','2025-11-25 17:31:33.984542'),('ocCFZomF4jh4QtE70miA1yFm3wOy9i87jYitLC89MRY','202311566','2025-11-18 17:46:49.090799','2025-11-25 17:46:49.090799'),('PXOfberxYGj1SOkW3FAEn21AdXIP0kFWsWP3liRgRQY','202311566','2025-11-19 21:28:55.847358','2025-11-26 21:28:55.847358'),('QcLatsYqXihwL2PkVm4Bhziw5yMgurXqWWNly7oe7pw','202311566','2025-11-18 18:13:29.544548','2025-11-25 18:13:29.544548'),('QkFXYHV5Jo41105A-Ia1n1M2WH4-Q3pgTVmOp7DQYT8','202311566','2025-11-18 18:11:40.361957','2025-11-25 18:11:40.361957'),('qwGV7M-oB4oZ83hsor3tDdjmDpzHpjGX-iK_WQrlGx4','200000001','2025-11-23 16:09:04.673308','2025-11-30 16:09:04.673308'),('QyKHLXfZCK59LjSQJqrsVVw1SH8_7m6INi8GXw4CleU','202311566','2025-11-18 17:45:08.478366','2025-11-25 17:45:08.478366'),('rhVrmYP1CoCZ6aXVTvun7pKtKqEVGHkdkvUqyvPRq0E','202311566','2025-11-19 20:46:35.650764','2025-11-26 20:46:35.650764'),('rP-yuBrijuDOKPEeBZ7RvE2baqmqygS1_-OfE_gqffQ','202311566','2025-11-23 16:17:06.473536','2025-11-30 16:17:06.473536'),('sHb8LpZq4IFKmZPIQEmrulgnr2fFnjsmXagRPV8T480','202311566','2025-11-20 15:43:27.817726','2025-11-27 15:43:27.817726'),('sHhFxM3edW-NP1T8UA4CqHftKxB1cUe8GPWVT_XK4F4','202311566','2025-11-19 20:13:08.966614','2025-11-26 20:13:08.966614'),('tAmAcBpER9N2wW0nJ9qYiiIkN79Avj5qvLBbF4YZ9d0','202311566','2025-11-18 18:06:59.176147','2025-11-25 18:06:59.176147'),('Tj1IEUI51-NEVJj4g6cEzgegciAOXyXhSvlGgNb1UU4','200000005','2025-11-23 16:16:02.707759','2025-11-30 16:16:02.707759'),('tQzJCEakICfC74HpR_KoRZ9iaxXjcFUTuKoV8QJsHH4','202311566','2025-11-18 18:38:04.171855','2025-11-25 18:38:04.171855'),('uEybP1KzklWMWn3wA0GprZpbq7LxE_bmvtJclr1qYr0','202311566','2025-11-18 19:10:53.496210','2025-11-25 19:10:53.496210'),('V-1qEZNuhLOUFSRs6SRaD5Cbm_K1DjYpuNqCXoF1_aw','200000010','2025-11-19 21:18:39.779600','2025-11-26 21:18:39.779600'),('V2u7Pvzz5WmvBXKMe3dpgkH2cGjR6oS3a0nm8UUXDyA','202311566','2025-11-18 14:55:16.511048','2025-11-25 14:55:16.511048'),('vCveQA9TgKY7sGZoIsyMuMbrLMSN5aMkz-Ppt03JDO0','202311566','2025-11-18 11:39:52.361680','2025-11-25 11:39:52.361680'),('VyiytNHZWdyT3Egi-W3yM8-Hr-6j09M_60QEgjaxsuA','202311566','2025-11-19 20:19:52.578222','2025-11-26 20:19:52.578222'),('vYTOMwu7nzkTEfD_a0UdxX4L0c2OV3lCbhluNuEeLIo','202311566','2025-11-18 18:25:29.425388','2025-11-25 18:25:29.425388'),('w7L7cmO54NY09M43rClUnYzRnX59T-kn7gI3Ibgq9Oc','202311566','2025-11-20 16:01:34.693963','2025-11-27 16:01:34.693963'),('WirKJEvNyutHZGxbRVuL548BaKgSDOFxzac45TQcN8Y','202311566','2025-11-18 11:38:07.098182','2025-11-25 11:38:07.098182'),('Xf5yUr7yRiEib8u6yj2C_xYhJBEVwSVTmd0VTqj8YVU','202311566','2025-11-17 00:35:46.813814','2025-11-24 00:35:46.813814'),('XlyGY-VEVdY8qghcZxlKUMZ1gnfGxaZWxfzBLMG964w','202311566','2025-11-18 16:43:13.468413','2025-11-25 16:43:13.468413'),('XzOXyVo162OjRubZnnkaJWdpt4cXcE0aotdjz93oarY','202311566','2025-11-18 15:41:26.413696','2025-11-25 15:41:26.413696'),('Y-_h_7sx4jXG7jxb6WoBy1rljAXYxDfDG7dPN3KfagI','200000005','2025-11-19 21:28:45.559220','2025-11-26 21:28:45.559220'),('y8WK2hjz0UHGXgggpAStrr97W1ymgb9y8sma7sf70yQ','202311566','2025-11-19 20:34:16.883401','2025-11-26 20:34:16.883401'),('YI0cMbSgF0e_Qc2F2MsvVQgvuZ8gnSEYtZbZrMG771A','202311566','2025-11-18 17:12:32.222246','2025-11-25 17:12:32.222246'),('Yvyn_fZ4MxQ9X28f1n-DVho4wH2W0DnZJqIXrm0YGmA','202311566','2025-11-19 20:41:29.191004','2025-11-26 20:41:29.191004'),('z8U_uJTsV2yqltXj8D4xwEQxKk7wXFvakYeasZYIHGM','202311566','2025-11-23 15:23:19.130614','2025-11-30 15:23:19.130614'),('ZAd1OlbMy_UpzrDvLHSegMtXx0QL_N25U_8HujWyYok','202311566','2025-11-18 19:34:28.803589','2025-11-25 19:34:28.803589'),('zTWrfKs6inyMsRcTS6TeEu5Mw4GEsuvsDWlBtlHxyzU','202311566','2025-11-18 14:58:00.273775','2025-11-25 14:58:00.273775');
/*!40000 ALTER TABLE `sessions` ENABLE KEYS */;
UNLOCK TABLES;

--
-- Table structure for table `user_roles`
--

DROP TABLE IF EXISTS `user_roles`;
/*!40101 SET @saved_cs_client     = @@character_set_client */;
/*!50503 SET character_set_client = utf8mb4 */;
CREATE TABLE `user_roles` (
  `user_id` varchar(64) NOT NULL,
  `role` varchar(32) NOT NULL,
  PRIMARY KEY (`user_id`,`role`),
  CONSTRAINT `user_roles_ibfk_1` FOREIGN KEY (`user_id`) REFERENCES `users` (`id`) ON DELETE CASCADE
) ENGINE=InnoDB DEFAULT CHARSET=utf8mb4 COLLATE=utf8mb4_0900_ai_ci;
/*!40101 SET character_set_client = @saved_cs_client */;

--
-- Dumping data for table `user_roles`
--

LOCK TABLES `user_roles` WRITE;
/*!40000 ALTER TABLE `user_roles` DISABLE KEYS */;
INSERT INTO `user_roles` VALUES ('200000001','CANDIDATE'),('200000001','STUDENT'),('200000002','CANDIDATE'),('200000002','STUDENT'),('200000003','CANDIDATE'),('200000004','STUDENT'),('200000005','CANDIDATE'),('200000005','STUDENT'),('200000006','CANDIDATE'),('200000006','STUDENT'),('200000007','CANDIDATE'),('200000008','CANDIDATE'),('200000009','CANDIDATE'),('200000009','STUDENT'),('200000010','CANDIDATE'),('200000010','STUDENT'),('200000011','STUDENT'),('200000012','CANDIDATE'),('200000013','CANDIDATE'),('200000013','STUDENT'),('200000014','STUDENT'),('200000015','STUDENT'),('200000016','CANDIDATE'),('200000017','CANDIDATE'),('200000017','STUDENT'),('200000018','CANDIDATE'),('200000018','STUDENT'),('200000019','CANDIDATE'),('200000019','STUDENT'),('200000020','STUDENT'),('200000021','CANDIDATE'),('200000021','STUDENT'),('200000022','CANDIDATE'),('200000023','CANDIDATE'),('200000023','STUDENT'),('200000024','CANDIDATE'),('200000024','STUDENT'),('200000025','CANDIDATE'),('200000025','STUDENT'),('200000026','CANDIDATE'),('200000026','STUDENT'),('200000027','CANDIDATE'),('200000028','CANDIDATE'),('200000028','STUDENT'),('200000029','STUDENT'),('200000030','STUDENT'),('200000031','CANDIDATE'),('200000031','STUDENT'),('200000032','CANDIDATE'),('200000033','CANDIDATE'),('200000033','STUDENT'),('200000034','CANDIDATE'),('200000034','STUDENT'),('200000035','CANDIDATE'),('200000035','STUDENT'),('200000036','CANDIDATE'),('200000036','STUDENT'),('200000037','STUDENT'),('200000038','CANDIDATE'),('200000039','CANDIDATE'),('200000039','STUDENT'),('200000040','STUDENT'),('200000041','CANDIDATE'),('200000042','CANDIDATE'),('200000042','STUDENT'),('200000043','CANDIDATE'),('200000043','STUDENT'),('200000044','STUDENT'),('200000045','CANDIDATE'),('200000045','STUDENT'),('200000046','CANDIDATE'),('200000047','STUDENT'),('200000048','STUDENT'),('200000049','CANDIDATE'),('200000049','STUDENT'),('200000050','STUDENT'),('200000051','CANDIDATE'),('200000052','CANDIDATE'),('200000052','STUDENT'),('200000053','STUDENT'),('200000054','CANDIDATE'),('200000054','STUDENT'),('200000055','CANDIDATE'),('200000055','STUDENT'),('200000056','CANDIDATE'),('200000057','STUDENT'),('200000058','STUDENT'),('200000059','CANDIDATE'),('200000059','STUDENT'),('200000060','CANDIDATE'),('200000060','STUDENT'),('202310156','ADMIN'),('202310156','CANDIDATE'),('202310156','STUDENT'),('202310454','ADMIN'),('202310454','CANDIDATE'),('202310454','STUDENT'),('202310776','ADMIN'),('202310776','CANDIDATE'),('202310776','STUDENT'),('202311242','ADMIN'),('202311242','CANDIDATE'),('202311242','STUDENT'),('202311566','ADMIN'),('202311566','CANDIDATE'),('202311566','STUDENT'),('m.hammad','ADMIN');
/*!40000 ALTER TABLE `user_roles` ENABLE KEYS */;
UNLOCK TABLES;

--
-- Table structure for table `users`
--

DROP TABLE IF EXISTS `users`;
/*!40101 SET @saved_cs_client     = @@character_set_client */;
/*!50503 SET character_set_client = utf8mb4 */;
CREATE TABLE `users` (
  `id` varchar(64) NOT NULL,
  `full_name` varchar(255) NOT NULL,
  `email` varchar(255) NOT NULL,
  `password_hash_b64` varchar(255) NOT NULL,
  `salt_b64` varchar(255) NOT NULL,
  `iterations` int NOT NULL,
  `key_len_bytes` int NOT NULL,
  `created_at` timestamp(6) NOT NULL,
  PRIMARY KEY (`id`),
  UNIQUE KEY `email` (`email`),
  KEY `idx_users_email` (`email`)
) ENGINE=InnoDB DEFAULT CHARSET=utf8mb4 COLLATE=utf8mb4_0900_ai_ci;
/*!40101 SET character_set_client = @saved_cs_client */;

--
-- Dumping data for table `users`
--

LOCK TABLES `users` WRITE;
/*!40000 ALTER TABLE `users` DISABLE KEYS */;
INSERT INTO `users` VALUES ('200000001','Marwan AlBataineh','200000001@ajmanuni.ac.ae','nDVbdULh/ZL3ifqqSehLS6clJOpec+xjIe8wAVCWk60=','oaRQ7QS9m+PTTlZIRKexaw==',150000,32,'2025-11-17 00:16:21.317142'),('200000002','Yousef AlMutawa','200000002@ajmanuni.ac.ae','al457Sf1PL75AsZ/pa94uNaJA9/jGZhcHjTsp9wT3UQ=','Xzwx1PiDDsby7NbMqnfc4A==',150000,32,'2025-11-17 00:16:21.444774'),('200000003','Raed AlSharqi','200000003@ajmanuni.ac.ae','oge7OkclGUPunuiKl1QGtfsNz/6MjBHwGtf628e9kHY=','wWl4QHmL9O9xFOkF19lMnQ==',150000,32,'2025-11-17 00:16:21.571983'),('200000004','Abdulaziz Na\'im','200000004@ajmanuni.ac.ae','aq58W/67M8jLqy2PWKHRwV1X08PjtFXq54DChokHVP4=','VGI7xPLbYqIQfv74YiZtMQ==',150000,32,'2025-11-17 00:16:21.697585'),('200000005','Talal Na\'im','200000005@ajmanuni.ac.ae','zYKYvvCmSX/rsTGiF8V54VjIXgf9Z7c5TQQIJR3JxK4=','FRHLDD4QXEO7BuLLhRbsyQ==',150000,32,'2025-11-17 00:16:21.824249'),('200000006','Rakan AlKuwari','200000006@ajmanuni.ac.ae','VhK0Cy7SsvaqWYK8SyGeJ2JeOWi/MOLE3RNFOa8nUOI=','NebvuKe8M0HNVjzszIal3A==',150000,32,'2025-11-17 00:16:21.953833'),('200000007','Falafel bin sheep AlRemeithi','200000007@ajmanuni.ac.ae','qxZFe3+eILazngchFEkITIyQG/w8axeGH60NoPfQGTs=','0bwIe88f2XOXcujbwffYsQ==',150000,32,'2025-11-17 00:16:22.080547'),('200000008','Khalid AlKhalifa','200000008@ajmanuni.ac.ae','jaQVNur7Y9tdEFw32h0fU6b/ksKubItBi7Uem0USc4E=','9YUBWtxP+Na2Tehi722C0g==',150000,32,'2025-11-17 00:16:22.205910'),('200000009','Mohammed AlSuwaidi','200000009@ajmanuni.ac.ae','McmgL+B1IkUGEAeNjr7O/sSBTeu+1RK9veVtALcxFZQ=','qzQCB9KHO2i+aiNYgxBTpg==',150000,32,'2025-11-17 00:16:22.335916'),('200000010','Omar AlMehairi','200000010@ajmanuni.ac.ae','OsId9JYcG7MrTYN/Yvji2dvmUB34D70HLzNVurscMRM=','PqVbdh/hBk0BB7Lv2IeFpA==',150000,32,'2025-11-17 00:16:22.462045'),('200000011','Jaber AlHinai','200000011@ajmanuni.ac.ae','vRISo+iIUVDqbgaSMGv9N9IMWGNR4Sh2DME6fXWsPco=','Yp0iBKxoYP0SO/yxTEd2Gg==',150000,32,'2025-11-17 00:16:22.587812'),('200000012','Hamad AlShawabkeh','200000012@ajmanuni.ac.ae','HDoOVaf9+koODsnLTRrqJbY8+WGeWrN6ZqbalJsItlA=','lMa8GFDJKkc8OwUFCB5R+w==',150000,32,'2025-11-17 00:16:22.713466'),('200000013','Falafel bin sheep AlFarra','200000013@ajmanuni.ac.ae','ovmqMbWVPwaw4+9GGFMF9MHjQStqJGSLZXUNkEUAPbQ=','RJkXwc4RJsY59WTjTb1N9Q==',150000,32,'2025-11-17 00:16:22.843245'),('200000014','Rakan AlOtaibi','200000014@ajmanuni.ac.ae','CSKaQrzmLeGKzBoWPwIwXYWABIeoVVMuE6bQjKtAr+E=','2SgdOZGG3DYtLYPw+NZT3g==',150000,32,'2025-11-17 00:16:22.970826'),('200000015','Rakan AlObaidly','200000015@ajmanuni.ac.ae','g2VxIn+oIjNaObZhbCzV+ZuKIRmdIM2BrU56SnWVY4M=','Q//0KjQntb4behTMAuNdQw==',150000,32,'2025-11-17 00:16:23.101281'),('200000016','Suheil AlMahmoud','200000016@ajmanuni.ac.ae','D9CRXXjBUCWmnRIzIpqUipAchiW9jFAL62Zd9dNColk=','SzqUw9riFpX3XUdshXtXFA==',150000,32,'2025-11-17 00:16:23.227123'),('200000017','Abdulaziz AlNuaimi','200000017@ajmanuni.ac.ae','v0tqrj1fPUK9mJzw7ij/zvX4VdJDdA5QP6745fnE5o8=','6iZn895KoM/IaD4ywim0Uw==',150000,32,'2025-11-17 00:16:23.353241'),('200000018','Rashid AlFardan','200000018@ajmanuni.ac.ae','nuWsjpusVcvmjz827R7JmOt4tuy/t96TOGcygtT6XuI=','EonjL9v0EFSeXTU2FrQu+A==',150000,32,'2025-11-17 00:16:23.498166'),('200000019','Saif AlZayani','200000019@ajmanuni.ac.ae','FR2XelGfNmaXdJi/bNgyaXw8EFFmO/Q98Plotzubo1I=','6YQzPqgQsjuBYhmY2dQeYQ==',150000,32,'2025-11-17 00:16:23.627610'),('200000020','Bader AlAbbadi','200000020@ajmanuni.ac.ae','EBjjWyD9OAHxxvShbI2bml/lxrgj+E6+fw6KnlV4p0s=','A8jiKl2BWCuyNZaIaMOkHQ==',150000,32,'2025-11-17 00:16:23.761930'),('200000021','Rami AlMarzouqi','200000021@ajmanuni.ac.ae','RipwJbN9Lc/Wn2NS5UHfZ2RvCGtP2CfUZ6f7w+4QTfQ=','KjhB2Wk1MBpgIofAEH7cTg==',150000,32,'2025-11-17 00:16:23.887964'),('200000022','Majed AlSubaie','200000022@ajmanuni.ac.ae','wcjCy4UDkGsVVV/pDcQZXCrS+Whz9Jsw3Yime2DpHNQ=','Cveq6t/3oSfm8RtwI/l6DQ==',150000,32,'2025-11-17 00:16:24.014364'),('200000023','Ali AlMutairi','200000023@ajmanuni.ac.ae','jNNXbbtyvbvb3DrrGlkxKktrKetoCZb4CkBOf5Nx1G4=','RjLklVBjTGDI8Xc+IrMFpw==',150000,32,'2025-11-17 00:16:24.174689'),('200000024','Salman AlMarzouqi','200000024@ajmanuni.ac.ae','OuNIgxV+U5xxGnWPe5MvlgNueNHjgWbyXfb4asNd+Zw=','SBFJq7aBkKpLdA6gs8V61g==',150000,32,'2025-11-17 00:16:24.329503'),('200000025','Yousef AlZadjali','200000025@ajmanuni.ac.ae','S9OTV5OKpDCmKQznu2lWYhJWavJUHIPHNtrc8a/Q2t8=','AYWeSHAPxAAEv3V4NlOqdw==',150000,32,'2025-11-17 00:16:24.464197'),('200000026','Ahmed AlRashdi','200000026@ajmanuni.ac.ae','EzKiordXJPhWgpbCcPLgS0K1DHFgNyPPB8IOAjIVhls=','nkE8CtjMm15aBzvKdvUucw==',150000,32,'2025-11-17 00:16:24.591006'),('200000027','Ziyad AlMannai','200000027@ajmanuni.ac.ae','N1bbWR0M0yc7wTtSXJbNpt0EaoqtJQP+Zc+JuxaWQR8=','+F6lMoSLVrJNDhUA5eAElA==',150000,32,'2025-11-17 00:16:24.718054'),('200000028','Nawaf AlOtaibi','200000028@ajmanuni.ac.ae','OyEHi0vdmAMtp8IPrWQgmR/GhtGHgoONkQXNAPwAG/U=','DiKYffM6JXF3gIM34rS4nA==',150000,32,'2025-11-17 00:16:24.846756'),('200000029','Ali AlBataineh','200000029@ajmanuni.ac.ae','x3NTKhKrOvVnFUJa5nWqJo50cnDMmOLuIHozqkyzoK8=','mbOriOFP0jT9Hn00jq3gZA==',150000,32,'2025-11-17 00:16:24.975581'),('200000030','Salman Al Bu Khabur','200000030@ajmanuni.ac.ae','6/jt94fmchbnFPQbiZtF2B4TJ5PDJc02E66JJ//SFnM=','u6dUX1MYei0tVuYt5Cbhwg==',150000,32,'2025-11-17 00:16:25.101760'),('200000031','Jaber AlMaskari','200000031@ajmanuni.ac.ae','aoPKRlbRmVuMmufUEDKtvoox7JQlReYCBvlvo9NSNCM=','FcdfS+8Uc/b3AOk+rReqag==',150000,32,'2025-11-17 00:16:25.225155'),('200000032','Khalid AlShamsi','200000032@ajmanuni.ac.ae','e5RjsTwKil2RoJyF/lpgKJ9bXhg7AGhBwQdSUVVphIU=','XxI6nOZDgU6Cnu1vbQ2+vQ==',150000,32,'2025-11-17 00:16:25.353178'),('200000033','Anwar AlSaeed','200000033@ajmanuni.ac.ae','WJOkHf2EcFXPzWKfBYmSM2uOVmmE76ZSK7jSLQQWJHU=','DnZ4Q1W4vclWdbItdcLAkQ==',150000,32,'2025-11-17 00:16:25.477472'),('200000034','Anwar AlFardan','200000034@ajmanuni.ac.ae','zknhVvm28XkgI8xXGovusOo0v3gI1xa6qUk258W0res=','oeItiskAESlMmkaD1UhUDw==',150000,32,'2025-11-17 00:16:25.603103'),('200000035','Fares AlBalushi','200000035@ajmanuni.ac.ae','A+h5dwnmg8w8A7cC7CrcfVMfnYl67Nt1TI1nUI4naq4=','TzgIetHvghv6XtCHUGkOUg==',150000,32,'2025-11-17 00:16:25.732169'),('200000036','Ahmed AlBataineh','200000036@ajmanuni.ac.ae','0oGJrhLc9rsvHP92RBKXBDKZFS34zAoWY+bXKf0Jq08=','OizOMRj5qJpexOvzUr7Flg==',150000,32,'2025-11-17 00:16:25.858916'),('200000037','Rakan AlAali','200000037@ajmanuni.ac.ae','NthaYSo+SUvc52btPP4fWdq8yykARwa0aYRU9XEnlz8=','m8ZJ1VhIRTN7zYKeKXquLA==',150000,32,'2025-11-17 00:16:25.985825'),('200000038','Fares AlMasri','200000038@ajmanuni.ac.ae','3+6FHxj/28giBZwlBfDAwiDBfHFQs6rSU+Ge365fBfY=','snG9UcG/0eJ/Lgr1SloEfA==',150000,32,'2025-11-17 00:16:26.110247'),('200000039','Saeed AlMakhmari','200000039@ajmanuni.ac.ae','02mGUTXyoYJ0XHGK8FA0QFDIaHlKMtVF9f2vdvPqmeA=','1z0k7UfTuWHhg0RV9j42ew==',150000,32,'2025-11-17 00:16:26.233121'),('200000040','Falafel bin sheep AlDhaheri','200000040@ajmanuni.ac.ae','p7o5qasC/gzhnTl3AHXofyE36TYmJ9YWeeGfLZC4Dr0=','RxDmBM3833/TxCRM5DBkaQ==',150000,32,'2025-11-17 00:16:26.362090'),('200000041','Bader AlAlawi','200000041@ajmanuni.ac.ae','Qh3Hj3TnDRRlORb9ESy3WbzSERSzibwsu0QD0d7ksXg=','puxXqYZddZXjXGNQhuQT7w==',150000,32,'2025-11-17 00:16:26.487113'),('200000042','Yousef AlMahrouqi','200000042@ajmanuni.ac.ae','ez7bikmjBUOsFUt5JYE0AJSLQ16dUguWNqmvKpiVw8g=','MjrJQ/dhYrT1NmJahMzpIA==',150000,32,'2025-11-17 00:16:26.612616'),('200000043','Saeed AlAali','200000043@ajmanuni.ac.ae','zk1DOqGiRcJlur90ItscYVOwpsA1ih/Y4QkyZdbceZM=','wHdW0X9oqSC0JNWOn9KM+g==',150000,32,'2025-11-17 00:16:26.738132'),('200000044','Abdullah AlKhater','200000044@ajmanuni.ac.ae','tDdv87eMYuepwRS1YNH4pm5/QUNO/CinYjEFxrshpuU=','/L3hH8+/o8qLbcrXy0KQGQ==',150000,32,'2025-11-17 00:16:26.870170'),('200000045','Hamad AlSiyabi','200000045@ajmanuni.ac.ae','Iz+VJbY7ZslDCS7irtvu7Fu7cQMVPUU9DS5IEVU7llg=','WuuHwAvuxAYeY9Y+jeAJGg==',150000,32,'2025-11-17 00:16:27.244729'),('200000046','Raed AlRifai','200000046@ajmanuni.ac.ae','xrQI32n2nxOwNJwdph996FtFDA3dzw5oLnaxMH9yURs=','5dlPbEkpY+917dTcs4AOoQ==',150000,32,'2025-11-17 00:16:27.392804'),('200000047','Nawaf AlMomani','200000047@ajmanuni.ac.ae','q4d0wE4ffKJyr8Ui9Cij9ic25Gp3iuAoDp+b2j6pLpk=','A5ReTeCb36qfXD5p3Fqb+A==',150000,32,'2025-11-17 00:16:27.677438'),('200000048','Fahad AlRashdi','200000048@ajmanuni.ac.ae','OwuYNSyrXCR4aLmNNUr7mtolJCgN07gyyoaBuIyQt70=','NK/A5+wVqOZTpZLAQygj/g==',150000,32,'2025-11-17 00:16:27.818634'),('200000049','Suheil AlHuneiti','200000049@ajmanuni.ac.ae','c8GinfGXXpamCugGntG9P9MJVZB4WTYXTfnhMmHjkk4=','gyzX+KEzlesLY2A+Mx6d5A==',150000,32,'2025-11-17 00:16:27.970553'),('200000050','Mohammed AlRashidi','200000050@ajmanuni.ac.ae','fKDQEScTLMruuBo43CCQkiMKnWfcmyRhlJQUCajv1YU=','yaHWxa39sFZzAMMsG0PhgQ==',150000,32,'2025-11-17 00:16:28.124054'),('200000051','Khalid AlShawabkeh','200000051@ajmanuni.ac.ae','uVBNWIn3bVfyLctzHGDvzWhebOraCulg8Bj962QW3iI=','sUSkLdcslbqSDpNyCKy7bw==',150000,32,'2025-11-17 00:16:28.260047'),('200000052','Bader AlZayani','200000052@ajmanuni.ac.ae','C9FnK7VDuTMTRQ5UzLF6BzTS455pRQw0rSIfEQQgSpo=','gRNw+ev93uzwb+mlyYdwqA==',150000,32,'2025-11-17 00:16:28.401850'),('200000053','Talal AlAbbadi','200000053@ajmanuni.ac.ae','Ni6hhtrhuBj6aUcriOmeu0GDr51mQtKY8jvp96zFHGY=','vHLxwstSozQ8xwDrx6v1OA==',150000,32,'2025-11-17 00:16:28.546539'),('200000054','Ziyad AlSabah','200000054@ajmanuni.ac.ae','/xUsQpXsGau8GoBYohYvaYE53kyVF3q2NbgvRWZgm8E=','UjcKLs9rWqlqb44H65bWfQ==',150000,32,'2025-11-17 00:16:28.687603'),('200000055','Mohammed AlArmouti','200000055@ajmanuni.ac.ae','vWly9rac2r8ltWybe6NLDW0zCLlmUnkc++j46AzY+lQ=','1LhMwdfFAR+/r17fSAI54Q==',150000,32,'2025-11-17 00:16:28.826807'),('200000056','Nasser AlMakhmari','200000056@ajmanuni.ac.ae','A1A4hLNNbVeCCFNtsGKeEXubcCFuv7Munwz5D+f5ucs=','fyMHWr9W7uZgOI6b8AShjA==',150000,32,'2025-11-17 00:16:28.968110'),('200000057','Rashid Taie','200000057@ajmanuni.ac.ae','ox0z5995mW9NQIVXwgKlBH9dT+OJtHBAu5vTeu0QvoM=','+palnU4DfLI2MRc733kgUw==',150000,32,'2025-11-17 00:16:29.109277'),('200000058','Mohammed AlYahyaei','200000058@ajmanuni.ac.ae','y+KLHVpWNUU/JaF87Ho92UpR82Rqa4HLCs2qaRDINaU=','FrUDTNogXCeKC9mvm2vTdg==',150000,32,'2025-11-17 00:16:29.247542'),('200000059','Falafel bin sheep AlFarsi','200000059@ajmanuni.ac.ae','xaQopEtCsjTM3ZuY69SgHuqUuS6WpRhRwheri7UnVMk=','Sa9Tuf0FUoqCm0PmqduKDg==',150000,32,'2025-11-17 00:16:29.394867'),('200000060','Rami AlQassim','200000060@ajmanuni.ac.ae','NmcVkfAWUSZPSHWEGAI/gmCacUu0CD3vfAN1MgW1N9s=','120hJdsQCfWfNvb9FFCGWg==',150000,32,'2025-11-17 00:16:29.533644'),('202310156','Omar Magd Juratly','202310156@ajmanuni.ac.ae','83i0wO4EtAjtvYF+V1Q9P0+CTJ4yfctnS0CroR0Dbvk=','1PpBM9hZn68shTrJLIR4Kg==',150000,32,'2025-11-17 00:16:21.052147'),('202310454','Omar Abdulnasser Talal Haneyeh','202310454@ajmanuni.ac.ae','0Cex9kFWwuFh0l0U9pGIifOshOJwZk4iwWcly0tShOA=','okqf3giGsrjJztw/8ke8xQ==',150000,32,'2025-11-17 00:16:21.178986'),('202310776','Ahmad ashraf Tarawneh','202310776@ajmanuni.ac.ae','61qFEd6vr34sY2X2U+hIYjqLHhj8eTFfc2t3R4bBWQk=','3Cy88OremV9wOfL6JrDxTw==',150000,32,'2025-11-17 00:16:20.792262'),('202311242','Abdijabar Ahmed Mohamed','202311242@ajmanuni.ac.ae','AuO8e5lpNQ+9YZ88oaUk/wf7d/N/mDEr2mkgbJtc2yw=','baq3y5F3s4Ra1nJn3KY21Q==',150000,32,'2025-11-17 00:16:20.924978'),('202311566','Mohammed jasem alteneiji','202311566@ajmanuni.ac.ae','ieehBp/jjpYSvBf8CTxMhfcx6xmi1xQ4q0K/Kdj+eHo=','xsc6wtt2X+EdeUXK3H7PGw==',150000,32,'2025-11-17 00:16:20.656169'),('m.hammad','Dr. Mahmoud Hammad','m.hammad@ajman.ac.ae','XeqlZ7wlHHMqPnb3X5/Ym2ZtuqaNIuuPxjKGD85JEdQ=','6DEy73lLdJpDO3OIAuqNgQ==',150000,32,'2025-11-23 15:23:18.978077');
/*!40000 ALTER TABLE `users` ENABLE KEYS */;
UNLOCK TABLES;

--
-- Table structure for table `votes`
--

DROP TABLE IF EXISTS `votes`;
/*!40101 SET @saved_cs_client     = @@character_set_client */;
/*!50503 SET character_set_client = utf8mb4 */;
CREATE TABLE `votes` (
  `election_id` varchar(64) NOT NULL,
  `voter_id` varchar(64) NOT NULL,
  `chair_name` varchar(255) NOT NULL,
  `candidate_user_id` varchar(64) NOT NULL,
  PRIMARY KEY (`election_id`,`voter_id`,`chair_name`),
  KEY `election_id` (`election_id`,`candidate_user_id`),
  KEY `voter_id` (`voter_id`),
  CONSTRAINT `votes_ibfk_1` FOREIGN KEY (`election_id`, `candidate_user_id`) REFERENCES `candidates` (`election_id`, `user_id`) ON DELETE CASCADE,
  CONSTRAINT `votes_ibfk_2` FOREIGN KEY (`election_id`) REFERENCES `elections` (`election_id`) ON DELETE CASCADE,
  CONSTRAINT `votes_ibfk_3` FOREIGN KEY (`voter_id`) REFERENCES `users` (`id`) ON DELETE CASCADE
) ENGINE=InnoDB DEFAULT CHARSET=utf8mb4 COLLATE=utf8mb4_0900_ai_ci;
/*!40101 SET character_set_client = @saved_cs_client */;

--
-- Dumping data for table `votes`
--

LOCK TABLES `votes` WRITE;
/*!40000 ALTER TABLE `votes` DISABLE KEYS */;
/*!40000 ALTER TABLE `votes` ENABLE KEYS */;
UNLOCK TABLES;
/*!40103 SET TIME_ZONE=@OLD_TIME_ZONE */;

/*!40101 SET SQL_MODE=@OLD_SQL_MODE */;
/*!40014 SET FOREIGN_KEY_CHECKS=@OLD_FOREIGN_KEY_CHECKS */;
/*!40014 SET UNIQUE_CHECKS=@OLD_UNIQUE_CHECKS */;
/*!40101 SET CHARACTER_SET_CLIENT=@OLD_CHARACTER_SET_CLIENT */;
/*!40101 SET CHARACTER_SET_RESULTS=@OLD_CHARACTER_SET_RESULTS */;
/*!40101 SET COLLATION_CONNECTION=@OLD_COLLATION_CONNECTION */;
/*!40111 SET SQL_NOTES=@OLD_SQL_NOTES */;

-- Dump completed on 2025-11-23 20:51:51
